Time (min),Concentration (uM)
0,0
2,9.760416667
4,17.2485119
6,23.02678571
8,27.46577381
10,31
12,33.85416667
14,36.23065476
